<?xml version="1.0" encoding="UTF-8"?>
<beans xmlns="http://www.springframework.org/schema/beans" xmlns:xsi="http://www.w3.org/2001/XMLSchema-instance"
    xmlns:context="http://www.springframework.org/schema/context" xmlns:jdbc="http://www.springframework.org/schema/jdbc"  
    xmlns:jee="http://www.springframework.org/schema/jee" xmlns:tx="http://www.springframework.org/schema/tx"
    xmlns:jpa="http://www.springframework.org/schema/data/jpa" xmlns:util="http://www.springframework.org/schema/util"  
	xmlns:mvc="http://www.springframework.org/schema/mvc" xmlns:beans="http://www.springframework.org/schema/beans"    	
	xmlns:aop="http://www.springframework.org/schema/aop" xmlns:oxm="http://www.springframework.org/schema/oxm"  
	xmlns:p="http://www.springframework.org/schema/p"
    xsi:schemaLocation="
        http://www.springframework.org/schema/beans http://www.springframework.org/schema/beans/spring-beans-3.2.xsd
        http://www.springframework.org/schema/context http://www.springframework.org/schema/context/spring-context-3.2.xsd
        http://www.springframework.org/schema/jdbc http://www.springframework.org/schema/jdbc/spring-jdbc-3.2.xsd
        http://www.springframework.org/schema/jee http://www.springframework.org/schema/jee/spring-jee-3.2.xsd
        http://www.springframework.org/schema/util http://www.springframework.org/schema/util/spring-util-3.2.xsd      
        http://www.springframework.org/schema/tx http://www.springframework.org/schema/tx/spring-tx-3.2.xsd
        http://www.springframework.org/schema/mvc http://www.springframework.org/schema/mvc/spring-mvc-3.2.xsd
        http://www.springframework.org/schema/data/jpa http://www.springframework.org/schema/data/jpa/spring-jpa-1.3.xsd
        http://www.springframework.org/schema/aop http://www.springframework.org/schema/aop/spring-aop-3.2.xsd
        http://www.springframework.org/schema/oxm http://www.springframework.org/schema/oxm/spring-oxm-3.2.xsd 
        http://www.springframework.org/schema/data/repository http://www.springframework.org/schema/data/repository/spring-repository-1.5.xsd"
    default-lazy-init="true">

	<context:annotation-config />
	<mvc:annotation-driven />	

	<context:component-scan base-package="kr.co.exsoft" >		
		<context:exclude-filter type="annotation" expression="org.springframework.stereotype.Service"/>
        <context:exclude-filter type="annotation" expression="org.springframework.stereotype.Repository"/>
  	</context:component-scan>

	<!-- interceptor  -->		
	<mvc:interceptors>
		<bean class="kr.co.exsoft.eframework.handler.ControllerLoggingInterceptor" /> 
	</mvc:interceptors>	

	 		
	<!-- url mapping -->
	<bean class="org.springframework.web.servlet.mvc.annotation.DefaultAnnotationHandlerMapping">
		<property name="order" value="0" />
	</bean>


	<mvc:interceptors>
		<mvc:interceptor>			
			<mvc:mapping path="/common/**" />
			<mvc:mapping path="/note/**" />
			<mvc:mapping path="/mypage/**" />
			<mvc:mapping path="/user/**" />
			<mvc:mapping path="/type/**" />
			<mvc:mapping path="/group/**" />			
			<mvc:mapping path="/folder/**" />
			<mvc:mapping path="/permission/**" />						
			<mvc:mapping path="/document/**" /> 
			<mvc:mapping path="/admin/**" /> 
			<mvc:mapping path="/statistics/**" />			
			<mvc:mapping path="/process/**" />
			<mvc:mapping path="/search/**" />
			<!--  bean controller add -->
			<bean class="kr.co.exsoft.eframework.handler.LoginCheckInterceptor"/>
		</mvc:interceptor>	
	</mvc:interceptors>

	<!-- view config -->
	<mvc:default-servlet-handler />
 
	<!-- MessageConverters -->
	<bean class="org.springframework.web.servlet.mvc.annotation.AnnotationMethodHandlerAdapter">
		<property name="messageConverters">
			<list>
				<bean class="org.springframework.http.converter.FormHttpMessageConverter" />
				<bean class="org.springframework.http.converter.json.MappingJacksonHttpMessageConverter" />
			</list>
		</property>
	</bean>	 

	<!-- tiles view 2.2 -->
	<bean id="tilesViewResolver" class="org.springframework.web.servlet.view.UrlBasedViewResolver">
		<property name="viewClass" value="org.springframework.web.servlet.view.tiles2.TilesView" />
		<property name="order" value="1" />
	</bean>		

	<bean class="org.springframework.web.servlet.view.BeanNameViewResolver" id="viewResolver" p:order="0"/>
		<bean class="org.springframework.web.servlet.view.json.MappingJacksonJsonView" id="jsonView">
    	<property name="contentType" value="application/json;charset=UTF-8"/>
	</bean>   
	 
	<bean id="jspViewResolver" class="org.springframework.web.servlet.view.InternalResourceViewResolver">
		<property name="prefix" value="/jsp/"/>
		<property name="suffix" value=".jsp"/>
		<property name="order" value="2" />		
	</bean>
	 	
</beans>