<!DOCTYPE tiles-definitions PUBLIC 
        "-//Apache Software Foundation//DTD Tiles Configuration 3.0//EN" 
        "C:/EDMS/EDMS3.0/WebContent/files/tiles-config_3_0.dtd">
        
<!-- 
사이트의 서버가 네트워크연결 불가시 http://tiles.apache.org/dtds/tiles-config_3_0.dtd부분의 dtd파일을 절대경로로 설정 
ex> C:/exsoft app/EDMS3.0/files/tiles-config_3_0.dtd
-->
<tiles-definitions>   

	<!-- 관리자 Layout  Template 	-->
	<definition name="tilesAdminBase" template="/jsp/layout/adminLayout.jsp">   
		<put-attribute name="title" value="" />        
		<put-attribute name="adminHeader" value="/jsp/layout/adminHeader.jsp" />   
		<put-attribute name="contents" value="" />
		<put-attribute name="adminFooter" value="/jsp/layout/adminFooter.jsp" />
	</definition>	

	<!-- 관리자 Layout	 -->
	<definition name="adminLayout" extends="tilesAdminBase">      
		
	</definition>  

	<!-- 사용자 Layout Template	-->
	<definition name="tilesUserBase" template="/jsp/layout/userLayout.jsp">
		<put-attribute name="title" value="" />     
		<put-attribute name="userTopMenu" value="/jsp/layout/userTopMenu.jsp" /> 	
		<put-attribute name="userHeader" value="/jsp/layout/userHeader.jsp" />		
		<put-attribute name="userFooter" value="/jsp/layout/userFooter.jsp" />  						
	</definition>

	<!-- 통합검색 Layout -->
	<definition name="searchLayout" extends="tilesUserBase">
		<put-attribute name="contents" value="" />
	</definition>  	
	
	<!-- 사용자 Layout -->	
	<definition name="userLayout" extends="tilesUserBase">  		
		<put-attribute name="contents" value="" />
	</definition>  				
	
</tiles-definitions>   	