<?xml version="1.0" encoding="UTF-8"?>
<!DOCTYPE form-validation PUBLIC 
    "-//Apache Software Foundation//DTD Commons Validator Rules Configuration 1.1//EN" 
    "http://jakarta.apache.org/commons/dtds/validator_1_1.dtd">
 
<form-validation>
 
    <formset>
 
        <form name="customerVO">
         	<field property="name" depends="required">
				<arg0 key="customerVO.name" />
			</field>
             <field property="age" depends="required,integer,intRange,mask">
             	<msg name="mask" key="errors.integer"/>
				<arg0 key="customerVO.age" /> 
				<arg1 name="intRange" key="${var:min}" resource="false"/>
				<arg2 name="intRange" key="${var:max}" resource="false"/>
    			<var>
        			<var-name>min</var-name>
        			<var-value>0</var-value>
    			</var>
    			<var>
        			<var-name>max</var-name>
        			<var-value>100</var-value>
    			</var>					
    			<var>
        			<var-name>mask</var-name>
        			<var-value>^[0-9]*$</var-value>
    			</var>
			</field>
			<field property="email" depends="required,email">
				<arg0 key="customerVO.email" />
			</field>              
        </form>
 
    </formset>
 
</form-validation>
