<?xml version="1.0" encoding="UTF-8"?>
<beans xmlns="http://www.springframework.org/schema/beans" xmlns:xsi="http://www.w3.org/2001/XMLSchema-instance"
    xmlns:context="http://www.springframework.org/schema/context" xmlns:util="http://www.springframework.org/schema/util"     
    xsi:schemaLocation="    	       
        http://www.springframework.org/schema/beans http://www.springframework.org/schema/beans/spring-beans-3.2.xsd                    
        http://www.springframework.org/schema/util http://www.springframework.org/schema/util/spring-util-3.2.xsd          
        http://www.springframework.org/schema/context http://www.springframework.org/schema/context/spring-context-3.2.xsd">

	<util:properties id="dbConfig" location="/WEB-INF/classes/config/db.properties" />
 
	<bean id="dataSource" class="org.springframework.jdbc.datasource.DriverManagerDataSource">
		<property name="driverClassName" value="#{dbConfig['DB_DRIVER']}" />
		<property name="url" value="#{dbConfig['DB_URL']}" />
		<property name="username" value="#{dbConfig['DB_USERNAME']}" />
		<property name="password" value="#{dbConfig['DB_PASSWORD']}" />
	</bean>
	
<!-- 	<bean id="dataSource" class="org.springframework.jndi.JndiObjectFactoryBean"> -->
<!-- 		<property name="jndiName" value="java:/oracle"/> -->
<!-- 		<property name="resourceRef" value="true" /> -->
<!-- 	</bean> -->

	<bean id="vendorProperties" class="org.springframework.beans.factory.config.PropertiesFactoryBean">
		<property name="properties">
			<props>	
				<prop key="Oracle">oracle</prop>	
				<prop key="SQL Server">sqlserver</prop>
				<prop key="Altibase">altibase</prop>
				<prop key="Tibero">tibero</prop>
			</props>
		</property>
	</bean>
	
	<bean id="databaseIdProvider" class="org.apache.ibatis.mapping.VendorDatabaseIdProvider">
		<property name="properties" ref="vendorProperties" />
	</bean>
				
	<bean id="sqlSessionFactory" class="org.mybatis.spring.SqlSessionFactoryBean">
		<property name="dataSource" ref="dataSource" />
		<property name="configLocation" value="/WEB-INF/classes/config/mybatis-config.xml" /> 
		<property name="databaseIdProvider" ref="databaseIdProvider" />
		<property name="mapperLocations" value="classpath*:/kr/co/exsoft/**/mappers/*.xml" />
	</bean>
					
	<!--  normal sqlsession -->				
	<bean id="sqlSession" class="org.mybatis.spring.SqlSessionTemplate">		
		<constructor-arg index="0" ref="sqlSessionFactory" />
	</bean>		
	
	<!--  batch sqlsession	--> 
	<bean id="sqlSessionBatch" class="org.mybatis.spring.SqlSessionTemplate">
		<constructor-arg index="0" ref="sqlSessionFactory" />
  		<constructor-arg index="1" value="BATCH" />
	</bean>
	<context:component-scan base-package="kr.co.exsoft" />	
</beans>