<?xml version="1.0" encoding="UTF-8"?>
<beans xmlns="http://www.springframework.org/schema/beans"
	xmlns:p="http://www.springframework.org/schema/p"
	xmlns:xsi="http://www.w3.org/2001/XMLSchema-instance" xmlns:aop="http://www.springframework.org/schema/aop"
	xsi:schemaLocation="http://www.springframework.org/schema/beans http://www.springframework.org/schema/beans/spring-beans-3.2.xsd
	http://www.springframework.org/schema/aop http://www.springframework.org/schema/aop/spring-aop-3.2.xsd">
 
	<aop:config>
		<aop:pointcut id="serviceMethod" expression="execution(* kr.co.exsoft..service.*Impl.*(..))" />
		<aop:aspect ref="exceptionTransfer">
			<aop:after-throwing throwing="exception"
				pointcut-ref="serviceMethod" method="transfer" />
		</aop:aspect>
	</aop:config>
	
	<bean id="exceptionTransfer" class="kr.co.exsoft.eframework.exception.ExceptionTransfer">
		<property name="exceptionHandlerService">
			<list>
				<ref bean="defaultExceptionHandleManager" />
			</list>
		</property>
	</bean>

	<bean id="defaultExceptionHandleManager"
		class="kr.co.exsoft.eframework.exception.DefaultExceptionHandleManager">
		<property name="reqExpMatcher">
			<ref bean="antPathMater"/>
		</property>
		<property name="patterns">
			<list>		
				<value>**ServiceImpl.*</value>
			</list>
		</property>
		<property name="handlers">
			<list>
				<ref bean="exceptionHandler" />
			</list>
		</property>
	</bean>	

	<bean id="exceptionHandler" class="kr.co.exsoft.eframework.handler.ExsoftServiceExceptionHandler" />
	
</beans>