<?xml version="1.0" encoding="UTF-8"?>
<beans xmlns="http://www.springframework.org/schema/beans" xmlns:xsi="http://www.w3.org/2001/XMLSchema-instance"
    xmlns:context="http://www.springframework.org/schema/context" xmlns:tx="http://www.springframework.org/schema/tx"            
	xmlns:aop="http://www.springframework.org/schema/aop"  
    xsi:schemaLocation="
        http://www.springframework.org/schema/beans http://www.springframework.org/schema/beans/spring-beans-3.2.xsd
        http://www.springframework.org/schema/context http://www.springframework.org/schema/context/spring-context-3.2.xsd      
        http://www.springframework.org/schema/tx http://www.springframework.org/schema/tx/spring-tx-3.2.xsd        
        http://www.springframework.org/schema/aop http://www.springframework.org/schema/aop/spring-aop-3.2.xsd">
    
    <tx:annotation-driven transaction-manager="transactionManager" proxy-target-class="true"/>	
    	
	<bean name="transactionManager" class="org.springframework.jdbc.datasource.DataSourceTransactionManager">
		<property name="dataSource" ref="dataSource" />
	</bean>
	
	<tx:advice id="transactionAdvice" transaction-manager="transactionManager">  
        <tx:attributes>  
            <tx:method name="get*" propagation="NOT_SUPPORTED" read-only="true"/>        
			<tx:method name="find*" propagation="NOT_SUPPORTED" read-only="true"/>      
			 <tx:method name="commonNextVal" propagation="REQUIRES_NEW" rollback-for="Exception"/> 
            <tx:method name="*" propagation="REQUIRED" rollback-for="Exception,BizException"/>
        </tx:attributes>  
    </tx:advice>  
    
	<aop:config>
   		<aop:pointcut id="transactionPointcut" expression="execution(* *..*ServiceImpl.*(..))"/>
   		<aop:advisor advice-ref="transactionAdvice" pointcut-ref="transactionPointcut"/>
  	</aop:config>
  	  	
  	   		
</beans>