<?xml version="1.0" encoding="UTF-8"?>
<beans xmlns="http://www.springframework.org/schema/beans"
	xmlns:p="http://www.springframework.org/schema/p"
	xmlns:xsi="http://www.w3.org/2001/XMLSchema-instance" xmlns:aop="http://www.springframework.org/schema/aop"
	xsi:schemaLocation="http://www.springframework.org/schema/beans http://www.springframework.org/schema/beans/spring-beans-3.2.xsd 
	http://www.springframework.org/schema/aop http://www.springframework.org/schema/aop/spring-aop-3.2.xsd">	
	
	<!-- 
	[3000][EDMS-REQ-033]	2015-08-25	성예나	 : 만기문서 사전,자동 알림 대상자에게 쪽지 보내기 
	[2000][EDMS-REQ-036]	2015-09-07	이재민 : 조직도연계처리
	-->

	<!--  로그/임시폴더 삭제처리 -->
	<bean id="logTempFolderDelete" class="org.springframework.scheduling.quartz.JobDetailBean">
		<property name="jobClass" value="kr.co.exsoft.quartz.controller.LogTempFolderDeleteQuartz"/>
		<property name="applicationContextJobDataKey" value="applicationContext"/>     
	</bean>	
	
	<!-- 기준 조회수 초과자에 대한 감사 처리  -->
	<bean id="auditPolicy" class="org.springframework.scheduling.quartz.JobDetailBean">
		<property name="jobClass" value="kr.co.exsoft.quartz.controller.AuditQuartz"/>
		<property name="applicationContextJobDataKey" value="applicationContext"/>     
	</bean>
	
	<!-- 만기문서처리  -->
	<bean id="expiredDoc" class="org.springframework.scheduling.quartz.JobDetailBean">
		<property name="jobClass" value="kr.co.exsoft.quartz.controller.ExpireDocCheckQuartz"/>
		<property name="applicationContextJobDataKey" value="applicationContext"/>     
	</bean>		
	
	<!-- 시스템 휴지통 처리  -->
	<bean id="adminTrashDelete" class="org.springframework.scheduling.quartz.JobDetailBean">
		<property name="jobClass" value="kr.co.exsoft.quartz.controller.AdminTrashDeleteQuartz"/>
		<property name="applicationContextJobDataKey" value="applicationContext"/>     
	</bean>		
	
	<!-- 개인 휴지통 처리  -->
	<bean id="privateTrashDelete" class="org.springframework.scheduling.quartz.JobDetailBean">
		<property name="jobClass" value="kr.co.exsoft.quartz.controller.PrivateTrashDeleteQuartz"/>
		<property name="applicationContextJobDataKey" value="applicationContext"/>     
	</bean>
	
	<!-- 문서일별(사용자/부서) 집계 처리  -->
	<bean id="docStatics" class="org.springframework.scheduling.quartz.JobDetailBean">
		<property name="jobClass" value="kr.co.exsoft.quartz.controller.DocStaticsQuartz"/>
		<property name="applicationContextJobDataKey" value="applicationContext"/>     
	</bean>				

	<!-- 폐기문서 완전삭제처리  -->
	<bean id="terminatePage" class="org.springframework.scheduling.quartz.JobDetailBean">
		<property name="jobClass" value="kr.co.exsoft.quartz.controller.TerminatePage"/>
		<property name="applicationContextJobDataKey" value="applicationContext"/>     
	</bean>
	
	<!-- 임시작업함 삭제처리  -->
	<bean id="tempDocDelete" class="org.springframework.scheduling.quartz.JobDetailBean">
		<property name="jobClass" value="kr.co.exsoft.quartz.controller.TempDocDelete"/>
		<property name="applicationContextJobDataKey" value="applicationContext"/>     
	</bean>					
	
	<!-- fileQueue 삭제처리 -->
	<bean id="fileQueueDelete" class="org.springframework.scheduling.quartz.JobDetailBean">
		<property name="jobClass" value="kr.co.exsoft.quartz.controller.FileQueueDelete"/>
		<property name="applicationContextJobDataKey" value="applicationContext"/>     
	</bean>
	
	<!-- 열람 요청 문서 열람만료일지난 문서 삭제처리  -->
	<bean id="docReadReqDelete" class="org.springframework.scheduling.quartz.JobDetailBean">
		<property name="jobClass" value="kr.co.exsoft.quartz.controller.DocReadReqExpiredDeleteQuartz"/>
		<property name="applicationContextJobDataKey" value="applicationContext"/>     
	</bean>
	
	<!-- 만기문서 사전알람 [3000] -->
	<bean id="expireDocAlarmQuartz" class="org.springframework.scheduling.quartz.JobDetailBean">
		<property name="jobClass" value="kr.co.exsoft.quartz.controller.ExpireDocAlarmQuartz"/>
		<property name="applicationContextJobDataKey" value="applicationContext"/>     
	</bean>
	
	<!-- 조직도연계 [2000] -->
	<bean id="userGroupSync" class="org.springframework.scheduling.quartz.JobDetailBean">
		<property name="jobClass" value="kr.co.exsoft.quartz.controller.UserGroupSyncQuartz"/>
		<property name="applicationContextJobDataKey" value="applicationContext"/>     
	</bean>
	
	<!-- 배치프로그램 Trigger List -->
	
	<!-- 기준 조회수 초과자에 대한 감사 처리 Trigger -->
	<bean id="cronTriggerAudit" class="org.springframework.scheduling.quartz.CronTriggerBean">
		<property name="jobDetail" ref="auditPolicy"/>		
		<property name="cronExpression" value="0 10 1 * * ?"/>
	</bean>
	
	<!-- 만기문서처리 Trigger -->
	<bean id="cronTriggerExpired" class="org.springframework.scheduling.quartz.CronTriggerBean">
		<property name="jobDetail" ref="expiredDoc"/>		
		<property name="cronExpression" value="0 30 0 * * ?"/> 		
	</bean>
	
	<!-- 개인휴지통 삭제처리 Trigger -->
	<bean id="cronTriggerPrivateDelete" class="org.springframework.scheduling.quartz.CronTriggerBean">
		<property name="jobDetail" ref="privateTrashDelete"/>		
		<property name="cronExpression" value="0 30 2 * * ?"/>
	</bean>
	
	<!-- 시스템휴지통 삭제처리 Trigger -->
	<bean id="cronTriggerSystemDelete" class="org.springframework.scheduling.quartz.CronTriggerBean">
		<property name="jobDetail" ref="adminTrashDelete"/>		
		<property name="cronExpression" value="0 0 3 * * ?"/>		
	</bean>
	
	<!-- 문서일별(사용자/부서) 집계 처리 Trigger -->
	<bean id="cronTriggerDocStatics" class="org.springframework.scheduling.quartz.CronTriggerBean">
		<property name="jobDetail" ref="docStatics"/>		
		<property name="cronExpression" value="0 5 0 * * ?"/> 		
	</bean>
	
	<!-- 폐기문서 완전삭제처리 Trigger -->
	<bean id="cronTriggerTerminatePage" class="org.springframework.scheduling.quartz.CronTriggerBean">
		<property name="jobDetail" ref="terminatePage"/>		
		<property name="cronExpression" value="0 30 3 * * ?"/> 
	</bean>
	
	<!-- 작업카트 삭제처리 Trigger -->
	<bean id="cronTriggerTempDocDelete" class="org.springframework.scheduling.quartz.CronTriggerBean">
		<property name="jobDetail" ref="tempDocDelete"/>				
		<property name="cronExpression" value="0 0 2 * * ?"/>
	</bean>
	
	<!--  로그/임시폴더 삭제처리 Trigger -->
	<bean id="cronTriggerLogTemp" class="org.springframework.scheduling.quartz.CronTriggerBean">
		<property name="jobDetail" ref="logTempFolderDelete"/>				
		<property name="cronExpression" value="0 30 1 * * ?"/>
	</bean>
	
	<!-- fileQueue 삭제처리 Trigger -->
	<bean id="cronTriggerFileQueueDelete" class="org.springframework.scheduling.quartz.CronTriggerBean">
		<property name="jobDetail" ref="fileQueueDelete"/>				
		<property name="cronExpression" value="0 30 3 * * ?"/>
	</bean>
	
	<!-- 열람 요청 문서 열람만료일지난 문서 삭제처리 Trigger -->
	<bean id="cronTriggerDocReadReqDelete" class="org.springframework.scheduling.quartz.CronTriggerBean">
		<property name="jobDetail" ref="docReadReqDelete"/>				
		<property name="cronExpression" value="0 0 4 * * ?"/>
	</bean>
	
	<!-- 만기문서 사전 알람 사용자 리스트 배치 Trigger[3000] -->
	<bean id="cronTriggerExpireDocAlarmQuartz" class="org.springframework.scheduling.quartz.CronTriggerBean">
		<property name="jobDetail" ref="expireDocAlarmQuartz"/>				
		<property name="cronExpression" value="0 30 4 * * ?"/>
	</bean>
	
	<!-- 조직도연계 Trigger [2000] -->
	<bean id="cronTriggerUserGroupSync" class="org.springframework.scheduling.quartz.CronTriggerBean">
		<property name="jobDetail" ref="userGroupSync"/>				
		<property name="cronExpression" value="0 36 11 * * ?"/>
	</bean>


	<bean class="org.springframework.scheduling.quartz.SchedulerFactoryBean">
	    <property name="triggers">
	        <list>	            	        	        	
				<ref bean="cronTriggerTempDocDelete"/>	<!-- 임시작업함 일별 삭제처리 					매일 오전 2시 		   --> 
				<ref bean="cronTriggerAudit"/>					<!-- 기준 조회수 초과자에 대한 감사 처리 	매일 오전 1시 10분 -->
				<ref bean="cronTriggerLogTemp"/>			<!-- 로그/임시폴더 삭제처리 						매일 오전 1시 30분 -->
				<ref bean="cronTriggerPrivateDelete"/>		<!-- 개인휴지통 삭제처리 							매일 오전 2시 30분 -->
				<ref bean="cronTriggerSystemDelete"/>		<!-- 시스템휴지통 삭제처리 						매일 오전 3시 		   --> 
				<ref bean="cronTriggerExpired"/>				<!-- 만기문서처리 									매일 오전 0시 30분 -->
				<ref bean="cronTriggerTerminatePage"/>		<!-- 폐기문서 완전삭제처리  						매일 오전 3시 30분 -->
				<ref bean="cronTriggerDocStatics"/>			<!-- 문서일별(사용자/부서) 집계 처리 			매일 오전 0시 5분   -->			
				<ref bean="cronTriggerFileQueueDelete"/>	<!-- fileQueue삭제 처리							매일 오전 3시 30분-->
				<ref bean="cronTriggerDocReadReqDelete"/> <!-- 열람 요청 문서 열람만료일지난 문서 삭제처리     매일 오전 4시 -->		
				<ref bean="cronTriggerExpireDocAlarmQuartz"/> <!-- 만기문서 자동,사전알람 [3000]				매일 오전 4시 30분  -->
				<ref bean="cronTriggerUserGroupSync"/> <!-- 조직도연계 [2000]				매일 오전 5시  -->		
					 							
	        </list>	        
	    </property>
	    <property name="quartzProperties">
	        <props>
	            <prop key="org.quartz.threadPool.class">org.quartz.simpl.SimpleThreadPool</prop>
	            <prop key="org.quartz.threadPool.threadCount">5</prop>
	            <prop key="org.quartz.threadPool.threadPriority">4</prop>
	            <prop key="org.quartz.jobStore.class">org.quartz.simpl.RAMJobStore</prop>
	            <prop key="org.quartz.jobStore.misfireThreshold">60000</prop>
	        </props>
	    </property>
	</bean>		
		

</beans>