<?xml version="1.0" encoding="UTF-8"?>
 <beans xmlns="http://www.springframework.org/schema/beans"
        xmlns:xsi="http://www.w3.org/2001/XMLSchema-instance" xmlns:aop="http://www.springframework.org/schema/aop"
        xmlns:util="http://www.springframework.org/schema/util" xmlns:context="http://www.springframework.org/schema/context"
        xmlns:tx="http://www.springframework.org/schema/tx"
        xsi:schemaLocation="http://www.springframework.org/schema/beans http://www.springframework.org/schema/beans/spring-beans-3.2.xsd
        http://www.springframework.org/schema/tx http://www.springframework.org/schema/tx/spring-tx-3.2.xsd
        http://www.springframework.org/schema/aop http://www.springframework.org/schema/aop/spring-aop-3.2.xsd
 		http://www.springframework.org/schema/context http://www.springframework.org/schema/context/spring-context-3.2.xsd 
        http://www.springframework.org/schema/util http://www.springframework.org/schema/util/spring-util-3.2.xsd">
 	
	<util:properties id="config" location="/WEB-INF/classes/config/config.properties" />
		
	<bean id="multipartResolver" class="org.springframework.web.multipart.commons.CommonsMultipartResolver">
		<property name="defaultEncoding" value="UTF-8" />
		<property name="maxUploadSize" value="#{config['MAX_UPLOAD_SIZE']}" />				
		<property name="uploadTempDir" ref="uploadDirResource" /> 
	</bean>	
	
	<bean id="uploadDirResource" class="org.springframework.core.io.FileSystemResource">
       <constructor-arg>
       <value>#{config['FILE_UPLOAD_PATH']}</value>
    	</constructor-arg>
	</bean>	
		
 </beans> 
