<?xml version="1.0" encoding="UTF-8"?>
<beans xmlns="http://www.springframework.org/schema/beans" xmlns:xsi="http://www.w3.org/2001/XMLSchema-instance"
		xmlns:p="http://www.springframework.org/schema/p" xmlns:context="http://www.springframework.org/schema/context" 
		xmlns:beans="http://www.springframework.org/schema/beans" 
		xsi:schemaLocation="
				http://www.springframework.org/schema/beans http://www.springframework.org/schema/beans/spring-beans-3.2.xsd 
				http://www.springframework.org/schema/context http://www.springframework.org/schema/context/spring-context-3.2.xsd">
						
	<beans:bean id="messageSource" class="org.springframework.context.support.ReloadableResourceBundleMessageSource">
		<beans:property name="basenames">
			<beans:list>
				<beans:value>/WEB-INF/messages/messages</beans:value><!-- warring/alarm message -->
				<beans:value>/WEB-INF/messages/errors</beans:value><!-- error/exception message -->			
				<beans:value>/WEB-INF/messages/contents</beans:value><!-- web menu/btn display message -->
			</beans:list>
		</beans:property>
		<beans:property name="fileEncodings" value="UTF-8" />
		<beans:property name="defaultEncoding" value="UTF-8" />
		<beans:property name="cacheSeconds" value="60" />
	</beans:bean>

	<beans:bean id="localeResolver" class="org.springframework.web.servlet.i18n.SessionLocaleResolver">
		<beans:property name="defaultLocale" value="ko" /> 
	</beans:bean>				
									
</beans>