<?xml version="1.0" encoding="UTF-8"?>
<beans xmlns="http://www.springframework.org/schema/beans"
	xmlns:p="http://www.springframework.org/schema/p"
	xmlns:xsi="http://www.w3.org/2001/XMLSchema-instance" xmlns:aop="http://www.springframework.org/schema/aop"
	xsi:schemaLocation="http://www.springframework.org/schema/beans http://www.springframework.org/schema/beans/spring-beans-3.2.xsd
	http://www.springframework.org/schema/aop http://www.springframework.org/schema/aop/spring-aop-3.2.xsd">

	<!--  org.springframework.web.servlet.view.ContentNegotiatingViewResolver 
		- type설정에 따라 응답 결과를 다르게 처리하도록 도와주는 역할 -->
	<bean class="org.springframework.web.servlet.view.ContentNegotiatingViewResolver">  
		<property name="order" value="3" />	<!-- 우선순위가 가장 낮아야 한다. -->
	    <property name="contentNegotiationManager">  
	        <bean class="org.springframework.web.accept.ContentNegotiationManager">  
	            <constructor-arg>  
	            <bean class="org.springframework.web.accept.PathExtensionContentNegotiationStrategy">  
	                <constructor-arg>  
	                    <map>  
	                        <entry key="json" value="application/json" />	                               
	                        <entry key="xml" value="application/xml" />	           
	                    </map>  
	                </constructor-arg>  
	            </bean>  
	            </constructor-arg>  
	        </bean>  
	    </property>  
	    
	    <property name="defaultViews">  
			<list>              				  
	            <bean class="org.springframework.web.servlet.view.json.MappingJacksonJsonView" id="restJsonView" />  <!-- JSON View -->	               	            
	            <bean class="org.springframework.web.servlet.view.xml.MarshallingView">   <!-- XML View -->      
	                <constructor-arg>  
	                    <bean class="org.springframework.oxm.jaxb.Jaxb2Marshaller">  
	                        <property name="packagesToScan">  
	                            <list>   
	                            	<!-- DO NOT DELETE-->
	                            	<value>kr.co.exsoft.user.vo.XmlSampleVO</value>  
	                            </list>  
	                        </property>  
	                    </bean>  
	                </constructor-arg>  
	            </bean>  
	        </list>  
	    </property>  
	    
	</bean>  		
		
</beans>